[
    {
        "id": 1,
        "name": "Astraphobia",
        "meaning": "Fear of Thunder and Lightning",
        "description": "Astraphobia is the term for the extreme fear of thunder and lightning. And it’s not just children and adults who can suffer from an extreme and irrational fear of thunder and lightning. This common phobia can also affect animals. ",
        "population": "People who have astraphobia about 2 to 3 percent of the US population",
        "million": 6,
        "pic": "astraphobia"
    },
    {
        "id": 2,
        "name": "Entomophobia",
        "meaning": "Fear of Bugs",
        "description": "Entomophobia, oftentimes referred to as acarophobia or insectophobia, is the abnormal and persistent fear of bugs. Summertime is prime time for developing entomophobia, a fear of bugs such as ticks as well as other mites like scabies, bed bugs, and lice.",
        "population": "One book claims 6% of all US inhabitants have this phobia",
        "million": 19,
        "pic": "entomophobia"
    },
    {
        "id": 3,
        "name": "Acrophobia",
        "meaning": "Fear of Heights",
        "description": "Those who suffer from acrophobia typically don’t enjoy outings to amusement parks if these involve Ferris wheels and roller coasters. People with acrophobia may also be reluctant to stand on high hills and some can find it stressful to be on an escalator or a glass elevator. ",
        "population": "3 percent to 5 percent of the population suffering acrophobia",
        "million": 16,
        "pic": "acrophobia"
    },
    {
        "id": 4,
        "name": "Aerophobia",
        "meaning": "Fear of Flying",
        "description": "Many people experience nervousness or anxiety when they fly. People who with Aerophobia will avoid flying altogether. If they must get on a plane, then they are likely to experience panic attacks or other intense symptoms of anxiety. ",
        "population": "Aerophobia affects 6.5 percent of the population",
		"million": 21,
        "pic": "aerophobia"
    },
    {
        "id": 5,
        "name": "Agoraphobia",
        "meaning": "Fear of Entering Open or Crowded Places",
        "description": "Some people experience extreme fear or worry when they encounter public spaces that may be hard to escape. They may panic when they have to stand in line or find their heart racing when they find their seat in a crowded movie theater. When a person experiences agoraphobia, their life may become limited as they begin to avoid places that bring on this panic. They must deal with increasing isolation from others and from experiences they once enjoyed.",
        "population": "An estimated 1.3% of U.S. adults experience agoraphobia at some time in their lives.",
        "million": 4,
        "pic": "agoraphobia"
    },
    {
        "id": 6,
        "name": "Claustrophobia",
        "meaning": "Fear of Small Spaces",
        "description": "Claustrophobia is defined as an irrational fear of small spaces and of having no way to escape; the feeling of being closed in without being able to get out can actually lead to a panic attack. Feelings of claustrophobia can be triggered by entering an elevator, a small, windowless room, or even an airplane. Wearing tight-necked clothing may also cause feelings of claustrophobia in some individuals.",
        "population": "Studies have generally indicated that about 7% of the population, or up to 10%, is affected by claustrophobia,",
        "million": 19,
        "pic": "claustrophobia"
    },
    {
        "id": 7,
        "name": "Cynophobia",
        "meaning": "Fear of Dogs",
        "description": "Millions of people have a phobia of dogs. They are afraid of dogs for many reasons: maybe a dog chased them as a child, or they know someone who was bitten by a dog, or they themselves were bitten. For whatever reason, people can be scared of dogs to the point where it can affect their lifestyle, including preventing them from going over friends’ homes or taking walks outside. ",
        "population": "Cynophobia affect some 7 to 9 percent of the population",
        "million": 25,
        "pic": "cynophobia"
    },
    {
        "id": 8,
        "name": "Glossophobia",
        "meaning": "Fear of Public Speaking",
        "description": "Some individuals may feel a slight nervousness at the very thought of public speaking, while others experience full-on panic and fear. They may try to avoid public speaking situations at all cost or if they must speak in public, they endure shaking hands and a weak, quavering voice. ",
        "population": "common phobia, affect up to 7% of the population.",
        "million": 27,
        "pic": "glossophobia"
    },
    {
        "id": 9,
        "name": "Emetophobia",
        "meaning": "Fear of Vomiting",
        "description": "People with this phobia are afraid of multiple aspects of becoming sick. They fear not being able to make it to a bathroom in time, being unable to stop vomiting, or harming themselves physically from being ill. Another strong fear is that they will embarrass themselves when they become sick. These worries may originate after a person has had a traumatic or unsettling experiencing with vomiting. ",
        "population": "It is more common for women to have a fear of vomiting than men. An estimated 1.7-3.1% of males and 6-7% of females experience emetophobia.",
        "million": 23,
        "pic": "emetophobia"
    },
    {
        "id": 10,
        "name": "Trypanophobia",
        "meaning": "Fear of Needles",
        "description": "Trypanophobia, or a fear of needles, or extreme fear of medical procedures involving injections or hypodermic needles. It tends to be more common in children and may lessen as people grow older and gain more experience having medical procedures and injections involving needles. However, this fear can remain extreme and distressing during adulthood.",
        "population": "Despite the fact that an estimated 10% of Americans struggle with this phobia",
        "million": 32,
        "pic": "trypanophobia"
    },
    {
        "id": 11,
        "name": "Germophobia",
        "meaning": "The Fear of Germs",
        "description": "Germophobia is a term used to describe a pathological fear of germs, bacteria, uncleanliness, contamination, and infection. Most commonly associated with obsessive-compulsive disorder (OCD) but can present in a wide variety of people. Individuals with germophobia may feel compelled to excessively wash their hands and to take other precautions against contamination. ",
        "population": "In the United States, a rare disease has officially been defined as one that affects less than 200,000 people in the US, which is about one in 1,500 people (0.07%)",
        "million": 22,
        "pic": "germophobia"
    },
    {
        "id": 12,
        "name": "Arachnophobia",
        "meaning": "Fear of Spiders",
        "description": "One of the most common phobias is arachnophobia, a debilitating fear of spiders. This extreme fear of spiders and other eight-legged arachnids (like scorpions) may actually be an evolutionary response: spiders, specifically poisonous ones, have long been linked to illness and infections.",
        "population": "Arachnophobia affects 3.5 to 6.1 percent of population",
        "million": 16,
        "pic": "arachnophobia"
    }
]
